N,Type,Mode,AvgTime,StdTime,AvgFitness,StdFitness
4,Ordinary,classic,5.0503291199915115,0.21693885100775043,3.0,1.5491933384829668
4,Ordinary,darwin,9.572914800024591,4.125116575002381,6.2,4.955804677345547
4,Ordinary,lamarck,7.861253879987634,5.857682549234808,3.4,4.882622246293481
