N,Type,Mode,AvgTime,StdTime,AvgFitness,StdFitness
4,Ordinary,classic,9.580945359985344,2.667449747880988,2.6,1.4966629547095764
4,Ordinary,darwin,18.521507699997166,10.034414403286041,2.2,1.8330302779823362
4,Ordinary,lamarck,14.775481280009263,15.16537962950753,1.0,1.2649110640673518
